{
  "version": 1,
  "num_dim": 2,
  "degree": 3,
  "name": "",
  "num_curves": 1,
  "intervals_per_curve": [
    9
  ],
  "joint_points": [
    [
      [
        29.357135772705078,
        180.90164184570312
      ],
      [
        200.0,
        200.0
      ],
      [
        222.36778259277344,
        202.74771118164062
      ],
      [
        245.597412109375,
        204.47230529785156
      ],
      [
        263.4475402832031,
        205.90948486328125
      ],
      [
        279.8305358886719,
        204.75975036621094
      ],
      [
        297.9252014160156,
        204.18487548828125
      ],
      [
        317.7315368652344,
        205.33460998535156
      ],
      [
        336.80426025390625,
        205.33460998535156
      ],
      [
        355.87701416015625,
        205.90948486328125
      ]
    ]
  ],
  "control_points": [
    [
      [
        39.95408248901367,
        328.3560485839844
      ],
      [
        189.35726928710938,
        228.61669921875
      ],
      [
        206.9504852294922,
        225.31744384765625
      ],
      [
        212.42916870117188,
        232.117431640625
      ],
      [
        222.07757568359375,
        225.04873657226562
      ],
      [
        233.3712921142578,
        234.36537170410156
      ],
      [
        233.82925415039062,
        183.145263671875
      ],
      [
        250.48785400390625,
        235.22767639160156
      ],
      [
        242.48065185546875,
        206.4237518310547
      ],
      [
        267.1153869628906,
        234.65280151367188
      ],
      [
        257.1720886230469,
        239.87010192871094
      ],
      [
        283.9874267578125,
        232.64076232910156
      ],
      [
        269.7629699707031,
        209.2978973388672
      ],
      [
        304.28277587890625,
        233.50306701660156
      ],
      [
        294.6022033691406,
        240.27198791503906
      ],
      [
        324.089111328125,
        231.77847290039062
      ],
      [
        296.8975830078125,
        204.00698852539062
      ],
      [
        339.0049743652344,
        235.2276611328125
      ]
    ]
  ],
  "c1_mask": [
    [
      false,
      true,
      true,
      true,
      true,
      true,
      true,
      true,
      true,
      true
    ]
  ],
  "interval_widths": [
    [
      0.5,
      0.0625,
      0.0625,
      0.0625,
      0.0625,
      0.0625,
      0.0625,
      0.0625,
      0.0625
    ]
  ]
}