{
  "version": 1,
  "num_dim": 2,
  "degree": 3,
  "name": "",
  "num_curves": 1,
  "intervals_per_curve": [
    5
  ],
  "joint_points": [
    [
      [
        29.357135772705078,
        180.90164184570312
      ],
      [
        200.0,
        200.0
      ],
      [
        230.579833984375,
        195.16017150878906
      ],
      [
        252.53140258789062,
        232.0646209716797
      ],
      [
        286.6141052246094,
        224.5159912109375
      ],
      [
        300.0,
        200.0
      ]
    ]
  ],
  "control_points": [
    [
      [
        25.120868682861328,
        194.1536865234375
      ],
      [
        186.09902954101562,
        149.3651123046875
      ],
      [
        211.25,
        230.0
      ],
      [
        221.91473388671875,
        227.19993591308594
      ],
      [
        234.375,
        225.0
      ],
      [
        240.15625,
        211.25
      ],
      [
        256.5625,
        192.5
      ],
      [
        265.3125,
        182.5
      ],
      [
        283.28125,
        176.25
      ],
      [
        292.5,
        180.0
      ]
    ]
  ],
  "c1_mask": [
    [
      false,
      true,
      true,
      true,
      true,
      true
    ]
  ],
  "interval_widths": [
    [
      0.5,
      0.125,
      0.125,
      0.125,
      0.125
    ]
  ]
}